Model,Accuracy,Precision,Recall,F1,AUC
LogisticRegression,0.887515438812299,0.8654478130062485,0.8731365063799484,0.8692751585027807,0.9650091417503762
RandomForest,0.9964046943990239,1.0,0.991606252699658,0.995785438367165,0.9995540921347122
GradientBoostedTrees,0.9927243815724337,0.9833532329169729,0.9999416290173829,0.9915780578017285,0.9998524572882124
DecisionTree,0.9964046943990239,1.0,0.991606252699658,0.995785438367165,0.9994785662386986
