Model,Accuracy,F1 Score,AUC
Decision Tree,0.9964046943990239,0.9964027532083255,0.9994785662386986
Random Forest,0.9964046943990239,0.9964027532083255,0.9994689255094477
